{
  "epsilon": 0.01,
  "episodeCount": 17900,
  "trainingSteps": 792994,
  "wins": 5674,
  "games": 8633,
  "episodeRewards": [
    -11.8,
    10.849999999999998,
    9.35,
    -11.200000000000001,
    -11.299999999999999,
    11.15,
    -13.149999999999999,
    7.449999999999999,
    -14.350000000000005,
    -16.85,
    -12.500000000000002,
    -14.200000000000001,
    -13.95,
    11.95,
    -11.100000000000001,
    3.049999999999998,
    10.7,
    -11.500000000000002,
    5.9499999999999975,
    -15.850000000000005
  ],
  "matchupStats": {
    "fire_vs_fire": {
      "episodes": 4500,
      "wins": 2558,
      "losses": 1942,
      "draws": 0,
      "winRate": 0.5684444444444444,
      "drawRate": 0,
      "avgTurns": 19.97133333333332,
      "avgHealthDifferential": 0.6691111111111119
    },
    "fire_vs_earth": {
      "episodes": 4500,
      "wins": 882,
      "losses": 3618,
      "draws": 0,
      "winRate": 0.196,
      "drawRate": 0,
      "avgTurns": 25.84133333333337,
      "avgHealthDifferential": -12.497111111111103
    },
    "earth_vs_fire": {
      "episodes": 4450,
      "wins": 3534,
      "losses": 916,
      "draws": 0,
      "winRate": 0.7941573033707865,
      "drawRate": 0,
      "avgTurns": 26.407640449438198,
      "avgHealthDifferential": 10.603370786516841
    },
    "earth_vs_earth": {
      "episodes": 4450,
      "wins": 3107,
      "losses": 1343,
      "draws": 0,
      "winRate": 0.6982022471910112,
      "drawRate": 0,
      "avgTurns": 32.16337078651693,
      "avgHealthDifferential": 0.9979775280898885
    }
  },
  "config": {
    "epsilonStart": 1,
    "epsilonEnd": 0.01,
    "epsilonDecay": 0.9995,
    "batchSize": 32,
    "targetUpdateFreq": 5000,
    "minExperiences": 1000,
    "replayCapacity": 100000
  },
  "savedAt": "2026-03-24T21:38:49.107Z"
}